CompanyId,CompanyName,TickerSymbol,FinancesCurrency,Updated MarketCapitalizationInUsd,MarketCapitalization in Native Currency,Updated AnnualRevenueInUsd,Upaded FinancesCurrentAsOf,Peers,Original MarketCapitalizationInUsd,Original AnnualRevenueInUsd
7,"3ds.com, the 3DEXPERIENCE Company",DSY-FR,USD,33021.754147776,33021.754147776,86.101147776183,2019-04-25T00:00:00.000Z,"['ESI-FR', 'IGE-FR', 'DLT-FR', 'ALEZV-FR']",20404643490,
10,3M,MMM-US,USD,109835.00641792,109835.00641792,176.87,2019-04-25T00:00:00.000Z,"['HON-US', 'DHR-US', 'GE-US', 'ITW-US', 'JNJ-US', 'XRAY-US', 'AMZN-US', 'HPQ-US', 'ALGN-US', 'GLW-US']",114000000000,30110000000
29,AAK AB,AAK-SE,USD,4062.7622356496,4062.7622356496,12.824508400912,2019-04-25T00:00:00.000Z,"['SWMA-SE', 'OEL-DE', 'AJWA-EG', 'UFC-AE']",2961168760,2580931760
45,Abengoa,ABG-ES,USD,41.723438126255,41.723438126255,0.0089670014347202,2019-04-25T00:00:00.000Z,"['ELE-ES', 'REE-ES', 'TRE-ES', 'CFEB-BE']",260536565.5,1639755810
55,Accenture,ACN-US,USD,120651.75905035,120651.75905035,132.63,2019-04-25T00:00:00.000Z,"['CTSH-US', 'IBM-US', 'INFY-US', 'WIT-US', 'EBAY-US', 'ERIC-US', 'NOK-US', 'SAP-US', 'XRX-US', 'G-US']",65450000000,12/30/1899
75,Adecoagro,AGRO-US,USD,791.41319621,791.41319621,6.345,2019-04-25T00:00:00.000Z,"['BG-US', 'SEB-US', 'CRESY-US']",1360000000,839860000
79,Adidas,ADS-DE,EUR,45560.44516875,40682.60127745398,178.15,2019-04-25T00:00:00.000Z,"['PUM-DE', 'US5-DE', 'ML2-DE', 'TTI-DE']",43567551720,20947608990
92,Aeon,8267-JP,JPY,1727583.5953625,191485803.81498656,1998.0,2019-04-25T00:00:00.000Z,"['3382-JP', '3099-JP', '8252-JP', '8251-JP']",12149280000,69014660000
145,Ahlstrom,AM1-FI,USD,1434.9029121592,1434.9029121592,9.5767575322812,2019-04-25T00:00:00.000Z,"['RAKT-EG', 'SAP-ZA', 'NVG-PT', 'NPKZ-ZW']",651254539.3,1161946170
146,Ahold Delhaize,AD-NL,EUR,24016.75,21445.441558162453,18.6,2019-04-25T00:00:00.000Z,"['MGNT-RU', 'MGNT-GB', 'MGROS-TR', 'MRW-GB']",28473110820,12/30/1899
1106,Delhaize Group,AD-NL,EUR,24016.75,21445.441558162453,18.6,2019-04-25T00:00:00.000Z,"['MGNT-RU', 'MGNT-GB', 'MGROS-TR', 'MRW-GB']",10359781740,26496716400
3421,Royal Ahold,AD-NL,EUR,24016.75,21445.441558162453,18.6,2019-04-25T00:00:00.000Z,"['MGNT-RU', 'MGNT-GB', 'MGROS-TR', 'MRW-GB']",18091610460,35585958870
155,Aimia Loyalty Analytics,AIM-CA,USD,469.71453433168,469.71453433168,1.3195937430499,2019-04-25T00:00:00.000Z,"['EQ-CA', 'ADS-US', 'PTS-CA', 'BTV-CA', 'YOO-CA']",959002640,1734666540
158,Air France KLM S.A.,AF-FR,EUR,4467.2460052,3988.968662722944,6.646,2019-04-25T00:00:00.000Z,"['LHA-DE', 'AB1-DE', 'FIA1S-FI']",2302173720,26974526040
164,Ajinomoto,2802-JP,JPY,983840.62008,109049143.8258438,1624.5,2019-04-25T00:00:00.000Z,"['2812-JP', '2810-JP', '2801-JP', '2806-JP', '2809-JP', '2917-JP', 'INDF-ID', '600866-CN']",10714990000,9196330000
167,AKITA,8343-JP,JPY,39886.735372,4421055.863673239,2040.0,2019-04-25T00:00:00.000Z,"['8336-JP', '8304-JP', '8342-JP', '8386-JP', '8393-JP']",623831780,12/30/1899
210,Alliant Energy Corporation,LN-US,USD,8064.97581093,8064.97581093,27.66,2019-04-25T00:00:00.000Z,"['PBYA-US', 'PAXH-US', 'PERI-US', 'PIKL-US']",8780000000,3250000000
216,Almacenes Exito,EXITO-CO,USD,2175356.97576,2175356.97576,3973.3333333333,2019-04-25T00:00:00.000Z,"['INRETC1-PE', 'SUPERC1-PE', 'CHDRAUIB-MX', 'CENCOSUD-CL']",1994700000,10187000000
242,Amcor,AMC-AU,AUD,18478.20029,26434.435828613387,12.665,2019-04-25T00:00:00.000Z,"['PPG-AU', 'ORA-AU', 'AJL-AU']",12452984640,8105326720
260,Anadalu Efes,AEFES-TR,USD,2033.3594753428,2033.3594753428,2.9793032961418,2019-04-25T00:00:00.000Z,"['TBORG-TR', 'TATGD-TR', 'ZWC-PL', 'RBREW-DK']",3957631920,3471256280
269,Anglo-Eastern Plantations,AEP-GB,GBP,209.28004416,159.72109450222516,5.04,2019-04-25T00:00:00.000Z,"['MPE-GB', 'PAL-GB', 'SIP-BE', 'DKL-GB']",437852530.6,262803694.8
270,Anheuser-Busch InBev,BUD-US,USD,141287.28613512,141287.28613512,64.545,2019-04-25T00:00:00.000Z,"['HEINY-US', 'SAM-US', 'CCU-US', 'KNBWY-US', 'DEO-US', 'TAP-US']",190863232560,42698806920
295,Apple Inc,AAPL-US,USD,974135.30144,974135.30144,142.0,2019-04-25T00:00:00.000Z,"['HPQ-US', 'MSFT-US', 'IBM-US', 'GOOGL-US']",729220000000,214230000000
302,Arata,2733-JP,USD,617.16323437639,617.16323437639,33.654274761523,2019-04-25T00:00:00.000Z,"['8283-JP', '7506-JP', '9852-JP', '7444-JP']",326765010,5389471230
4430,Arata,2733-JP,USD,617.16323437639,617.16323437639,33.654274761523,2019-04-25T00:00:00.000Z,"['8283-JP', '7506-JP', '9852-JP', '7444-JP']",,
310,Archer Daniels Midland,ADM-US,USD,23366.97912276,23366.97912276,39.16,2019-04-25T00:00:00.000Z,"['BG-US', 'INGR-US', 'BRFS3-BR', 'THS-US', 'MGPI-US', 'BRFS-US', 'CZZ-US', 'BRK.A-US', 'TSN-US', 'SEB-US']",23690000000,62420000000
313,Arcos Dorados Holdings,ARCO-US,USD,893.51696567,893.51696567,6.05,2019-04-25T00:00:00.000Z,"['TAST-US', 'WEN-US', 'YUM-US', 'MCD-US', 'GTIM-US', 'JACK-US']",1910000000,2930000000
341,Asahi Group Holdings,2502-JP,USD,19798.255268681,19798.255268681,35.86520460016,2019-04-25T00:00:00.000Z,"['2501-JP', '2503-JP', '2531-JP', '2579-JP']",17548960000,14427270000
357,Asics,7936-JP,USD,2141.2124533832,2141.2124533832,11.536061335473,2019-04-25T00:00:00.000Z,"['8022-JP', '8135-JP', '7990-JP', '7906-JP']",4106372270,3615254500
361,ASOS,ASC-GB,GBP,3405.130970797,2598.772605205099,21.14,2019-04-25T00:00:00.000Z,"['BOO-GB', 'OCDO-GB', 'KOOV-GB']",8627139430,2770478365
370,Associated British Foods,ABF-GB,USD,15607.630921388,15607.630921388,0.2106976744186,2019-04-25T00:00:00.000Z,"['TATE-GB', 'RGD-GB', 'PFD-GB', 'ULVR-GB', 'SZU-DE', 'UNA-NL', 'KRZ-IE']",30216591860,19299443800
375,Astra Agro Lestari,AALI-ID,USD,1474448.7408161,1474448.7408161,721.42857142857,2019-04-25T00:00:00.000Z,"['MAGP-ID', 'SSMS-ID', 'TBLA-ID', 'GZCO-ID']",2051280000,1016640000
383,Atria Group,ATRAV-FI,USD,152.61196762912,152.61196762912,5.7568149210904,2019-04-25T00:00:00.000Z,"['HKSAV-FI', 'FLE-FR', 'TERB-BE', 'BELL-CH']",392922413.7,1466006850
390,Austindo Nusantara Jaya,ANJT-ID,USD,3112815.06472,3112815.06472,830.0,2019-04-25T00:00:00.000Z,"['LSIP-ID', 'SMAR-ID', 'BTEK-ID', '508670-IN']",0,108000000
395,Autodesk\A0,ADSK-US,USD,38488.91406912,38488.91406912,117.72,2019-04-25T00:00:00.000Z,"['ADBE-US', 'SNPS-US', 'RHT-US', 'NUAN-US', 'ANSS-US', 'PTC-US', 'TRMB-US', 'DDD-US', 'FFIV-US', 'AAPL-US']",13270000000,2460000000
403,Avon,AVP-US,USD,1354.06335384,1354.06335384,1.3,2019-04-25T00:00:00.000Z,"['EL-US', 'REV-US', 'CL-US', 'COTY-US', 'NUS-US', 'PG-US', 'KMB-US', 'UL-US', 'FOSL-US', 'NATU3-BR']",1850000000,5720000000
406,AXA Group,CS-FR,USD,50649.460246054,50649.460246054,16.497489239598,2019-04-25T00:00:00.000Z,"['CNP-FR', 'TLX-DE', 'VIG-AT', 'UQA-AT']",185034240,346256640
410,Axfood,AXFO-SE,SEK,37321.4829428,357445.0948720086,144.15,2019-04-25T00:00:00.000Z,"['ICA-SE', 'MSH-DE', 'CO-FR', 'RMLI-IL']",3518420708,5072946560
441,Bakrie Sumatera Plantations,UNSP-ID,USD,20537.047825714,20537.047825714,7.0,2019-04-25T00:00:00.000Z,"['AALI-ID', 'GZCO-ID', 'LSIP-ID', 'SGRO-ID', 'MAQ-AU']",0,0
460,Barclay's,BARC-GB,USD,21431.242716949,21431.242716949,1.1239837209302,2019-04-25T00:00:00.000Z,"['RBS-GB', 'HSBA-GB', 'LLOY-GB', 'CBG-GB', 'DBK-DE']",46721937080,12/30/1899
467,Barry Callebaut Group,BARN-CH,CHF,9957.544146,10138.929894895406,1504.0,2019-04-25T00:00:00.000Z,"['NESN-CH', 'LISN-CH', 'HOCN-CH', 'ORON-CH', 'EMMN-CH', 'BELL-CH', 'ARYN-CH', 'VALN-CH']",7353202350,6628797800
469,BASF,BAS-DE,EUR,66828.50977544,59673.640305548695,57.35,2019-04-25T00:00:00.000Z,"['AI-FR', 'LXS-DE', 'TESB-BE', 'WCH-DE']",81564277410,62495329050
477,Bayer,BAYN-DE,USD,51042.837053945,51042.837053945,48.852223816356,2019-04-25T00:00:00.000Z,"['GSK-GB', 'SAN-FR', 'NOVN-CH', 'RO-CH']",30775284540,50788992870
487,Beiersdorf,BEI-DE,USD,19065.648816499,19065.648816499,72.274031563845,2019-04-25T00:00:00.000Z,"['OR-FR', 'SUY1V-FI', 'MLPFX-FR', 'CRL-GB']",24107668200,7330034250
488,Beijing Hualian Group,000882-CN,USD,1230.0508696922,1230.0508696922,0.30651569032988,2019-04-25T00:00:00.000Z,"['600694-CN', '600697-CN', '600828-CN', '600838-CN', '600682-CN', '600821-CN', '600858-CN', '000501-CN', '000564-CN']",1464317920,172004080
491,BEL Group,FBEL-FR,USD,1838.3770677905,1838.3770677905,251.07604017217,2019-04-25T00:00:00.000Z,"['UNBL-FR', 'FLE-FR', 'BN-FR']",3627009540,3192637140
524,Best Buy,BBY-US,USD,19761.28579052,19761.28579052,47.72,2019-04-25T00:00:00.000Z,"['CONN-US', 'GME-US', 'AAN-US', 'AMZN-US', 'AAPL-US', 'SNE-US', 'VVAR3-BR', 'VOXX-US']",10100000000,39530000000
527,Better Life Commercial Chain,002251-CN,CNY,7844.24787508,53073.1766895992,6.75,2019-04-25T00:00:00.000Z,"['600361-CN', '000759-CN', '600861-CN', '600827-CN']",155260320,2341082080
533,BIC,BB-FR,EUR,3447.272835,3078.197013252563,71.8,2019-04-25T00:00:00.000Z,"['DPT-FR', 'ALMAS-FR', 'ALFPC-FR', 'BEN-FR']",6113791530,2204439930
543,BillerudKorsnas,BILL-SE,SEK,26375.0020468,252605.5870640748,97.1,2019-04-25T00:00:00.000Z,"['RROS-SE', 'DUNI-SE', 'BONG-SE']",3091034320,2539983160
579,BMW Group,BMW-DE,EUR,45619.19595288,40735.06201870982,67.73,2019-04-25T00:00:00.000Z,"['DAI-DE', 'NSU-DE', 'VOW-DE']",,
592,Bongrain - Name changed to Groupe Savencia,SAVE-FR,EUR,939.2184608,838.6627920694386,55.4,2019-04-25T00:00:00.000Z,"['UNBL-FR', 'EMMN-CH', 'FBEL-FR', 'SMB-DE']",900130000,12/30/1899
612,Boustead Plantations Berhad,MHC-MY,MYR,127.7535805,529.859657740608,0.56,2019-04-25T00:00:00.000Z,"['KGAL.N00-LK', 'MADU.N00-LK', 'HRC-VN', 'HARRMALA-IN']",,
615,Bouygues\A0Group,EN-FR,USD,11586.723891051,11586.723891051,26.022238163558,2019-04-25T00:00:00.000Z,"['FGR-FR', 'DG-FR', 'RE-FR', 'GBF-DE', 'HOT-DE']",17657238060,34500027870
626,Brambles,BXB-AU,USD,19249.65535328,19249.65535328,8.58,2019-04-25T00:00:00.000Z,"['EAX-AU', 'CGL-AU', 'EGG-AU', 'SRV-AU']",10675993600,4755031360
634,BRF,BRFS-US,BRL,6223.56088874,24711.965854231985,4.65,2019-04-25T00:00:00.000Z,"['TSN-US', 'HRL-US', 'SEB-US', 'SAFM-US', 'BRID-US', 'UL-US', 'BG-US']",12700000000,32200000000
664,Bumitama Agri,P8Z-SG,SGD,1252.37436768,1707.1834179321972,0.59,2019-04-25T00:00:00.000Z,"['E5H-SG', 'EB5-SG', '5JS-SG', 'F34-SG']",,
666,Bunge,BG-US,USD,6875.1136584,6875.1136584,48.52,2019-04-25T00:00:00.000Z,"['ADM-US', 'INGR-US', 'MOS-US', 'AGRO-US', 'CZZ-US', 'SEB-US']",11440000000,42940000000
670,Burberry,BRBY-GB,GBP,8208.54721995,6264.706945690715,16.185,2019-04-25T00:00:00.000Z,"['NXT-GB', 'MUL-GB', 'ALY-GB', 'MKS-GB']",10917148060,3989511890
671,Bureau Veritas Certification,BVI-FR,EUR,9581.3995011,8555.584874982957,16.965,2019-04-25T00:00:00.000Z,"['ALTRA-FR', 'INSE-GB', 'SEMC-SE', 'POY1V-FI']",8796041100,5027860530
705,Campbell's,CPB-US,USD,11496.68531636,11496.68531636,32.035,2019-04-25T00:00:00.000Z,"['THS-US', 'HAIN-US', 'MDLZ-US', 'CAG-US', 'TSN-US', 'FLO-US', 'UL-US', 'MKC-US']",13100000000,7890000000
715,CAPGEMINI,CAP-FR,USD,17049.960215208,17049.960215208,71.556671449067,2019-04-25T00:00:00.000Z,"['ATO-FR', 'PTY-GB', 'CAS-FR', 'DVT-FR']",14801239530,12944297520
840,CHS (CHSCP),CHS-US,USD,435.69940458,435.69940458,3.425,2019-04-25T00:00:00.000Z,"['LB-US', 'ASNA-US', 'CATO-US', 'FRAN-US', 'CACH-US']",226610510,34600000000
858,Clariant,CLN-CH,USD,7086.219320347,7086.219320347,17.142017053808,2019-04-25T00:00:00.000Z,"['AKZA-NL', 'EMSN-CH', 'VLS-GB', 'BRG-NO']",5308992250,5765466350
888,Colruyt Group,COLR-BE,USD,7542.5496058106,7542.5496058106,39.436872309899,2019-04-25T00:00:00.000Z,"['FNTS-FR', 'MSH-DE', 'CO-FR', 'HAGA-IS']",7319174940,5060438460
1322,Etablissements Fr. Colruyt,COLR-BE,USD,7542.5496058106,7542.5496058106,39.436872309899,2019-04-25T00:00:00.000Z,"['FNTS-FR', 'MSH-DE', 'CO-FR', 'HAGA-IS']",8329090770,9686504520
897,Companhia Brasileira de Distribuicao GPA,PCAR3-BR,BRL,9320.0660685,37007.295109888015,81.42420672,2019-04-25T00:00:00.000Z,"['KR-US', 'WMK-US', 'IMKTA-US', 'SUPERC1-PE']",4798900400,10253320700
902,Compass Group,CPG-GB,GBP,27862.14509103,21264.198060455492,14.675,2019-04-25T00:00:00.000Z,"['DOC-AT', 'RTN-GB', 'MAB-GB', 'SW-FR']",35415919630,32506600490
906,ConAgra Foods Conagra Brands Inc,CAG-US,USD,15039.0592222,15039.0592222,20.22,2019-04-25T00:00:00.000Z,"['GIS-US', 'THS-US', 'SJM-US', 'MDLZ-US', 'LANC-US', 'HAIN-US', 'PEP-US', 'DF-US']",13520000000,7830000000
967,CostCo,COST-US,USD,108034.5911192,108034.5911192,189.51,2019-04-25T00:00:00.000Z,"['PSMT-US', 'WMT-US', 'DLTR-US', 'TGT-US', 'DG-US', 'BIG-US', 'JSAIY-US', 'FIVE-US']",69550000000,118720000000
973,Coway Co Ltd\A0,021240-KR,USD,6279720.465,6279720.465,60100.0,2019-04-25T00:00:00.000Z,"['600690-CN', '5947-JP', '002700-KR', '066570-KR']",6705920000,1930240000
979,Cranswick,CWK-GB,GBP,1486.64607714,1134.5980909517803,23.4,2019-04-25T00:00:00.000Z,"['PFD-GB', 'ABF-GB', 'HFG-GB']",1598685270,1541074990
991,Croda International,CRDA-GB,USD,5194.150732217,5194.150732217,33.798449612403,2019-04-25T00:00:00.000Z,"['ELM-GB', 'IMCD-NL', 'EMSN-CH', 'BRG-NO']",5573794590,1512269850
1040,Daewoo International Corporation,047050-KR,USD,2233085.5271,2233085.5271,16900.0,2019-04-25T00:00:00.000Z,"['005490-KR', '078930-KR', '001250-KR', '012030-KR']",2471040000,13719680000
1044,Dai Nippon Printing Co.,7912-JP,JPY,785036.132289,87013603.9834442,2174.0,2019-04-25T00:00:00.000Z,"['7914-JP', '7946-JP', '7911-JP', '7831-JP']",6882820230,11896170000
1047,Dairy Farm International,D01-SG,USD,10618.7171998,10618.7171998,7.02,2019-04-25T00:00:00.000Z,"['HERO-ID', '2912-TW', 'RANC-ID', '601933-CN']",11620000000,11200000000
1051,Daito Trust Construction Co.,1878-JP,JPY,1134534.99519,125752146.57824062,13655.0,2019-04-25T00:00:00.000Z,"['1925-JP', '3231-JP', '1764-JP', '6059-JP']",11474320000,11896170000
1052,Daiwa House Industry Co.,1925-JP,USD,18590.64243443,18590.64243443,25.323170188107,2019-04-25T00:00:00.000Z,"['1928-JP', '9303-JP', '9635-JP', '3521-JP']",18223920000,26914030000
1068,Danone,BN-FR,USD,41476.09719028,41476.09719028,53.550932568149,2019-04-25T00:00:00.000Z,"['FBEL-FR', 'UNA-NL', 'NESN-CH']",42774822090,24335713710
1074,"Darden Restaurants, Inc.",DRI-US,USD,14652.5668083,14652.5668083,84.37,2019-04-25T00:00:00.000Z,"['BJRI-US', 'CBRL-US', 'BLMN-US', 'DIN-US', 'DFRG-US', 'RUTH-US']",8920000000,6930000000
1124,Deutsche Post DHL Group,DPW-DE,USD,34298.819315549,34298.819315549,20.946915351506,2019-04-25T00:00:00.000Z,"['POST-AT', 'PNL-NL', 'ARMX-AE', 'LHA-DE']",42829118640,62256424230
1130,Dharma Satya Nusantara,DSNG-ID,USD,288353.53864286,288353.53864286,22.857142857143,2019-04-25T00:00:00.000Z,"['SULI-ID', '723-HK', '8163-HK', 'BRPT-ID']",0,223200000
1132,Diageo,DGE-GB,USD,58749.618280709,58749.618280709,18.976744186046,2019-04-25T00:00:00.000Z,"['CPR-IT', 'DIS-GB', 'STCK-GB', 'FSTA-GB', 'RI-FR', 'DGE-GB', 'HEIA-NL']",87826871860,17355096850
1159,Domino's,DPZ-US,USD,11363.17564305,11363.17564305,230.69,2019-04-25T00:00:00.000Z,"['YUM-US', 'PZZA-US', 'WEN-US', 'JACK-US', 'MCD-US', 'DENN-US', 'CMG-US', 'FRSH-US']",9970000000,2470000000
1161,Domtar Corporation,UFS-CA,USD,4120.4118466,4120.4118466,46.14,2019-04-25T00:00:00.000Z,"['CFX-CA', 'CFP-CA', 'CAS-CA', 'KPT-CA']",3200000000,5100000000
1162,Orsted,ORSTED-DK,DKK,210022.588,1400188.0940405973,359.1,2019-04-25T00:00:00.000Z,"['00000747-LU', 'ODEN-UA', 'NVNG-RU', 'NG.-GB']",16015821140,8351335410
1178,Drax Group,DRX-GB,GBP,1366.713306732,1043.0662230513476,2.926,2019-04-25T00:00:00.000Z,"['SSE-GB', 'RUR-GB', 'OPG-GB', 'GOOD-GB']",1814723820,4421588990
1182,DS Smith,SMDS-GB,GBP,5008.514893074,3822.464219000643,2.858346,2019-04-25T00:00:00.000Z,"['CRU-GB', 'MNDI-GB', 'RPC-GB']",5919456270,5861845990
1190,Dunkin' Brands,DNKN-US,USD,6168.69301432,6168.69301432,60.34,2019-04-25T00:00:00.000Z,"['WEN-US', 'SBUX-US', 'MCD-US', 'SJM-US', 'DF-US']",4750000000,810930000
1191,Dupont,DWDP-US,USD,84445.6803128,84445.6803128,32.87045815,2019-04-25T00:00:00.000Z,"['INAG3-AR', 'IGNE-US', 'MBII-US', 'SNES-US']",55190000000,25120000000
1211,Eagle High Plantations,BWPT-ID,IDR,5044046.56,72092032080.78839,152.0,2019-04-25T00:00:00.000Z,"['SIMP-ID', 'P8Z-SG', 'BTEK-ID', 'UNSP-ID']",554184000,182880000
1222,EBARA FOODS,2819-JP,USD,203.30781144691,203.30781144691,16.93857537666,2019-04-25T00:00:00.000Z,"['2804-JP', '2915-JP', '2875-JP', '2809-JP']",181311130,427840270
1272,Elior,ELIOR-FR,EUR,2183.52828136,1949.752907803961,11.26,2019-04-25T00:00:00.000Z,"['SW-FR', 'CTRG-FR', 'ISS-DK', 'ALBDM-FR']",3876773670,6406992900
1283,Empire Company Limited,EMP.A-CA,USD,3854.3960278301,3854.3960278301,16.591296612054,2019-04-25T00:00:00.000Z,"['L-CA', 'MRU-CA', 'ATD.B-CA', 'NWC-CA', 'WN-CA', 'CGX-CA', 'CO-CA', 'GCL-CA']",5020660880,
1288,Energizer,ENR-US,USD,3293.19329136,3293.19329136,42.74,2019-04-25T00:00:00.000Z,"['KMB-US', 'OGES-US', 'ULBI-US', 'FSTJ-US']",2470000000,1630000000
1302,Equatorial Palm Oil,PAL-GB,USD,3.5984027702,3.5984027702,0.0075,2019-04-25T00:00:00.000Z,"['AEP-GB', 'MPE-GB', 'DKL-GB', 'RPT-GB']",11119933.44,
1320,Estee Lauder Companies,EL-US,USD,37188.53368703,37188.53368703,121.47,2019-04-25T00:00:00.000Z,"['PG-US', 'AVP-US', 'REV-US', 'NUS-US', 'COTY-US', 'SSDOY-US', 'IPAR-US', 'UL-US']",31040000000,11260000000
1333,EUROCASH,EUR-PL,USD,828.47338055065,828.47338055065,4.3428571428571,2019-04-25T00:00:00.000Z,"['MSM-ZA', 'AMB-PL', 'NCT-PL', 'DUFN-CH', 'BIMAS-TR', 'DIA-ES']",1474141760,5009123840
1365,Facebook,FB-US,USD,464597.04,464597.04,123.02,2019-04-25T00:00:00.000Z,"['GOOGL-US', 'TWTR-US', 'MSFT-US', 'MEET-US', 'RENN-US', 'WB-US']",305530000000,17930000000
1404,Felda Global Ventures,FGV-MY,USD,1139.231336,1139.231336,0.15272727272727,2019-04-25T00:00:00.000Z,"['VOC-VN', 'FGV-MY', '1377-JP']",1795087560,3921633995
1421,Feronia,FRN-CA,USD,48.3716469,48.3716469,0.095,2019-04-25T00:00:00.000Z,"['VFF-CA', 'IGP-CA', 'FLAF-US', 'ANFI-US']",53824023.17,7/17/28909
1432,Fidelity National Information Services,FIS-US,USD,36062.74505445,36062.74505445,93.87,2019-04-25T00:00:00.000Z,"['GPN-US', 'FISV-US', 'MA-US', 'TSS-US', 'V-US', 'EEFT-US', 'ADS-US', 'ACIW-US', 'EVTC-US']",17820000000,12/30/1899
1444,First Pacific Company Limited,142-HK,USD,13686.5327886,13686.5327886,2.79,2019-04-25T00:00:00.000Z,"['INDF-ID', '345-HK', '1076-HK', '000716-CN']",3237872220,6763669560
1445,First Resources,EB5-SG,SGD,2930.53505,3994.780612044139,1.5,2019-04-25T00:00:00.000Z,"['P8Z-SG', 'E5H-SG', '5JS-SG', 'F34-SG']",,
1458,Fluor Corporation,FLR-US,USD,5566.17781764,5566.17781764,29.78,2019-04-25T00:00:00.000Z,"['KBR-US', 'JEC-US', 'ACM-US', 'TPC-US', 'MDR-US', 'PWR-US', 'MTZ-US']",6230000000,19040000000
1464,Fonterra,FCG-NZ,NZD,6963.80544,10531.20894146328,4.2,2019-04-25T00:00:00.000Z,"['SML-NZ', 'ATM-NZ', 'CGF-NZ', 'LIC-NZ']",6575025320,11263987600
1488,ForFarmers,FFARM-NL,USD,680.84764426112,680.84764426112,6.4383070301291,2019-04-25T00:00:00.000Z,"['SNFC-EG', 'SCHO-DK', 'VZAS-RS', 'WALG-GB']",786746150.2,2437915095
1530,FUJITSU,6702-JP,JPY,1631613.584152,180848463.4349861,6330.0,2019-04-25T00:00:00.000Z,"['6971-JP', '6501-JP', '6758-JP', '6752-JP']",17464590,39991380
1586,General Mills,GIS-US,USD,30071.26799982,30071.26799982,36.42,2019-04-25T00:00:00.000Z,"['K-US', 'MDLZ-US', 'THS-US', 'SJM-US', 'HAIN-US', 'CAG-US', 'POST-US']",34840000000,16560000000
1588,GENERIX,GENX-FR,USD,88.89035466284,88.89035466284,2.6183644189383,2019-04-25T00:00:00.000Z,"['PROL-FR', 'QTE-FR', 'CAS-FR', 'ITE-FR', 'LIN-FR', 'TES-FR']",69727629.51,12/30/1899
1621,Givaudan,GIVN-CH,USD,23544.522591395,23544.522591395,2127.805547388,2019-04-25T00:00:00.000Z,"['CBE-FR', 'TET-GB', 'MLPFX-FR', 'ALPHY-FR']",19707773100,5011291750
1645,Godrej Consumer Products,GODREJCP-IN,INR,665327.9118864,46180553.54113794,634.0,2019-04-25T00:00:00.000Z,"['JYOTHYLA-IN', 'KOHINOOR-BD', 'JOCIL-IN', 'JHS-IN']",8488969720,1330682480
1647,Godrej Industries,GODREJIN-IN,INR,171774.67700855,11922917.296696043,434.5,2019-04-25T00:00:00.000Z,"['AMANFEED-BD', 'AJOONI-IN', 'AVANTIFE-IN', 'CPF-F-TH']",2603270180,1567519000
1648,Golden Agri-Resources,GODREJAG-IN,USD,1441.2544674768,1441.2544674768,6.576125804146,2019-04-25T00:00:00.000Z,"['AMANFEED-BD', 'AJOONI-IN', 'AVANTIFE-IN', 'CPF-F-TH']",5010000000,9950000000
1649,Golden Plantation TBK,GOLL-ID,USD,13089.288425,13089.288425,3.5714285714285,2019-04-25T00:00:00.000Z,"['MRG-AU', 'SBAGAN-MY', 'SEK-NZ', 'TATACOFF-IN']",,
1687,Greencore Group plc,GNC-GB,USD,770.47735390263,770.47735390263,1.1841085271318,2019-04-25T00:00:00.000Z,"['PFD-GB', 'CWK-GB', 'ULVR-GB']",1829126390,1929944380
1789,h2o-retailing,8242-JP,JPY,177810.971789,19708613.20490612,1402.0,2019-04-25T00:00:00.000Z,"['8273-JP', '8237-JP', '8289-JP']",1570716290,7725676530
1797,Hain Celestial,HAIN-US,USD,2244.79253152,2244.79253152,14.45,2019-04-25T00:00:00.000Z,"['GIS-US', 'MDLZ-US', 'CPB-US', 'THS-US', 'SJM-US']",3900000000,2850000000
1819,Hap Seng Plantations Holdings,HSPLANT-MY,USD,319.87488,319.87488,0.39030303030303,2019-04-25T00:00:00.000Z,"['RVIEW-MY', 'SBI-AU', 'SELI.N00-LK', 'RSAWIT-MY']",,
1833,Hasbro,HAS-US,USD,12629.15626636,12629.15626636,76.84,2019-04-25T00:00:00.000Z,"['MAT-US', 'JAKK-US', 'EA-US', 'SGMS-US', 'ATVI-US', 'IGT-US', 'DIS-US', 'VIAB-US']",10820000000,4460000000
1853,Heineken International,HEIA-NL,EUR,54463.55415024,48632.515539312684,74.28,2019-04-25T00:00:00.000Z,"['ABI-BE', 'HEIO-NL', 'DGE-GB']",55263028590,22576505490
1868,Henkel,HEN-DE,USD,19370.540715791,19370.540715791,69.71843615495,2019-04-25T00:00:00.000Z,"['BEI-DE', 'UNA-NL', 'OR-FR']",52070391450,20317769010
1875,Hero Supermarket,HERO-ID,USD,268947.9,268947.9,50.357142857143,2019-04-25T00:00:00.000Z,"['AMRT-ID', 'RANC-ID', '2912-TW', '007070-KR']",361440000,9/21/4596
1881,Hewlett-Packard (HP inc.),HPQ-US,USD,30171.6833012,30171.6833012,18.46,2019-04-25T00:00:00.000Z,"['IBM-US', 'AAPL-US', 'MSFT-US', 'CSCO-US', 'LNVGY-US', 'INTC-US', 'SMCI-US', 'XRX-US', 'CAJ-US', 'ORCL-US']",31120000000,48220000000
1891,Hindustan Unilever Limited,HINDUNIL-IN,USD,53758.631267275,53758.631267275,20.609006433167,2019-04-25T00:00:00.000Z,"['JYOTHYLA-IN', 'KOHINOOR-BD', 'JOCIL-IN', 'JHS-IN']",26744400000,4898979760
1899,HITACHI TRANSPORT SYSTEM,9086-JP,JPY,357516.34621,39627202.47795245,2668.0,2019-04-25T00:00:00.000Z,"['9072-JP', '9075-JP', '9039-JP']",1609779600,5725095090
1900,HITACHI ZOSEN,7004-JP,JPY,58653.775536,6501199.354661659,303.0,2019-04-25T00:00:00.000Z,"['6370-JP', '6302-JP', '6013-JP', '6143-JP']",788437650,3031667210
1903,HKScan Group,HKSAV-FI,USD,98.559212015782,98.559212015782,1.1603299856528,2019-04-25T00:00:00.000Z,"['BELL-CH', 'ATRAV-FI', 'TERB-BE', 'FLE-FR']",185542170.7,1965535110
1934,House Foods,2810-JP,USD,3987.6778400642,3987.6778400642,27.814923776411,2019-04-25T00:00:00.000Z,"['2805-JP', '2812-JP', '2815-JP']",2599186590,2394504970
1969,Iberdrola,IBE-ES,USD,47496.596788291,47496.596788291,5.1630917202411,2019-04-25T00:00:00.000Z,"['ELE-ES', 'REE-ES', 'ENEL-IT']",42036389010,34119952020
1975,ICA Gruppen,ICA-SE,SEK,68973.2360055,660588.5657169909,267.4,2019-04-25T00:00:00.000Z,"['MQ-SE', 'MCAP-SE', 'STG-DE', 'NIS-SE']",6900424080,12127805360
2001,IJM Plantations Berhad,IJMPLNT-MY,USD,341.5583030303,341.5583030303,0.31515151515151,2019-04-25T00:00:00.000Z,"['RVIEW-MY', 'SBI-AU', 'SELI.N00-LK', 'RSAWIT-MY']",,
2020,Inditex,ITX-ES,USD,75357.615782308,75357.615782308,19.592898134864,2019-04-25T00:00:00.000Z,"['ALY-GB', 'MUL-GB', 'BOSS-DE', 'ADZ-ES']",98420098392,24976413000
2022,Indofood Agri Resources,5JS-SG,USD,287.0543980611,287.0543980611,0.13440070505288,2019-04-25T00:00:00.000Z,"['EB5-SG', 'E5H-SG', 'P8Z-SG', 'F34-SG']",480506993.2,1055061160
2024,Indofood Sukses Makmur,INDF-ID,USD,3919833.2589285,3919833.2589285,392.85714285714,2019-04-25T00:00:00.000Z,"['ICBP-ID', 'SAF-VN', 'AISA-ID', '017810-KR']",5025600000,4806000000
2044,INGLES MARKETS,IMKTA-US,USD,398.7774314,398.7774314,25.57,2019-04-25T00:00:00.000Z,"['WMK-US', 'KR-US', 'CBD-US', 'VLGEA-US']",760270000,3780000000
2066,Intel,INTC-US,USD,259168.28894362,259168.28894362,42.36,2019-04-25T00:00:00.000Z,"['TXN-US', 'AMD-US', 'NVDA-US', 'AMAT-US', 'QCOM-US', 'HPQ-US']",173530000000,59390000000
2079,International Flavors & Fragrances,IFF-US,USD,14548.18126181,14548.18126181,121.85,2019-04-25T00:00:00.000Z,"['SXT-US', 'GRA-US', 'SCL-US', 'EL-US', 'BCPC-US', 'PG-US', 'AMRS-US', 'UG-US']",10280000000,3020000000
2081,International Paper APPM,IPAPPM-IN,USD,249.59299499643,249.59299499643,4.3230879199429,2019-04-25T00:00:00.000Z,"['BPML-BD', 'BALLARPU-IN', 'BALKRISH-IN', 'C71-SG']",212617980,179484640
2082,International Paper Co.,IP-US,USD,18279.88950982,18279.88950982,37.55,2019-04-25T00:00:00.000Z,"['UFS-US', 'UPMKY-US', 'CLW-US', 'PKG-US', 'SPPJY-US', 'CMPC-CL', 'UFS-CA']",25480000000,21080000000
2093,IOI Group,IOIPG-MY,MYR,7488.3572,31058.06011465501,1.21,2019-04-25T00:00:00.000Z,"['AMPROP-MY', 'ANANTRAJ-IN', 'ADN-SG', 'ACST-ID']",6986286720,2712268720
2115,Ito En,2593-JP,USD,4357.7591527146,4357.7591527146,37.62146741553,2019-04-25T00:00:00.000Z,"['2579-JP', '2590-JP', '2599-JP', '2573-JP']",3858071360,4014915190
2116,Itochu Corporation,8001-JP,USD,27390.063206508,27390.063206508,15.512169029152,2019-04-25T00:00:00.000Z,"['8002-JP', '8031-JP', '8053-JP', '2768-JP', '8015-JP']",21008130000,42859960000
2127,J Sainsbury,SBRY-GB,USD,3876.4669136992,3876.4669136992,1.6441860465116,2019-04-25T00:00:00.000Z,"['MRW-GB', 'TSCO-GB', 'CO-FR', 'MCLS-GB', 'MKS-GB', 'COLR-BE']",8555126580,33846039500
2129,J. Front Retailing,3086-JP,JPY,355460.773626,39399362.29146081,1184.0,2019-04-25T00:00:00.000Z,"['8242-JP', '3099-JP', '8233-JP', '8273-JP', '7453-JP']",3581675240,9365070000
2147,JAPAN TRANSCITY,9310-JP,JPY,28657.685391,3176425.116158375,387.0,2019-04-25T00:00:00.000Z,"['9351-JP', '9324-JP', '9322-JP', '9313-JP', '9307-JP', '9302-JP', '9364-JP', '9306-JP', '9304-JP']",200547490,780422500
2152,Jaya Tiasa Holding Berhad,JTIASA-MY,USD,154.87856,154.87856,0.10424242424242,2019-04-25T00:00:00.000Z,"['TNC-VN', 'TRC-VN', 'WTK-MY', 'TADMAX-MY']",,
2153,JBS,JBSS3-BR,USD,13668.424398334,13668.424398334,1.9813636591353,2019-04-25T00:00:00.000Z,"['MRFG3-BR', 'BRFS3-BR', 'BEEF3-BR', 'MNPR3-BR']",7937974940,40298395060
2159,Jeronimo Martins,JMT-PT,EUR,8722.6669736,7788.790940225157,9.93,2019-04-25T00:00:00.000Z,"['CO-FR', 'SON-PT', 'FNTS-FR', 'CA-FR', 'MRW-GB']",11391416190,15876311220
2179,Johnson Controls,JCI-US,USD,33450.93676425,33450.93676425,28.295,2019-04-25T00:00:00.000Z,"['LEA-US', 'HON-US', 'MGA-US', 'BWA-US', 'ALV-US', 'GNTX-US', 'VC-US', 'DLPH-US', 'EMR-US', 'THRM-US']",41380000000,12/30/1899
2208,Kagome,2811-JP,JPY,267892.3465,29693255.621978506,2681.0,2019-04-25T00:00:00.000Z,"['2599-JP', '2579-JP', '2590-JP', '2587-JP']",1783497430,1650445940
2210,Kajima Corporation,1812-JP,USD,7475.7747186591,7475.7747186591,12.177944191852,2019-04-25T00:00:00.000Z,"['1803-JP', '1879-JP', '1885-JP']",6190842801,14680380000
2214,Kameda Seika,2220-JP,USD,984.95177997682,984.95177997682,40.474280110546,2019-04-25T00:00:00.000Z,"['2222-JP', '2206-JP', '2207-JP', '2607-JP']",851124560,800249450
2218,Kao Corporation,4452-JP,JPY,4177590.113152,463045147.5539726,7020.0,2019-04-25T00:00:00.000Z,"['4911-JP', '4912-JP', '4919-JP', '4929-JP']",32144970000,12318020000
2229,Kato Sangyo,9869-JP,USD,1175.6675706517,1175.6675706517,24.792725327628,2019-04-25T00:00:00.000Z,"['7451-JP', '7481-JP', '2692-JP', '8142-JP']",1171730560,8216119340
2235,KBR Inc,KBR-US,USD,3092.06547788,3092.06547788,13.895,2019-04-25T00:00:00.000Z,"['FLR-US', 'JEC-US', 'TPC-US', 'MDR-US', 'MTZ-US', 'GVA-US', 'PRIM-US', 'E-US']",2140000000,4270000000
2240,Kencana Agri,BNE-SG,USD,25.83100593,25.83100593,0.09,2019-04-25T00:00:00.000Z,"['BNE-SG', '1J7-SG', '002679-CN']",,
2245,Kering,KER-FR,USD,59935.119381815,59935.119381815,315.36944045911,2019-04-25T00:00:00.000Z,"['RMS-FR', 'CDI-FR', 'OR-FR', 'STCBV-FI', 'MKS-GB']",40852724220,13443825780
2246,Kerry Group,KRZ-IE,EUR,17149.1288724,15313.08944825801,83.5,2019-04-25T00:00:00.000Z,"['TIPI-FR', 'RGD-GB', 'YZA-IE', 'FIF-GB']",14171399550,6656757030
2248,Kesko Group,KESKOB-FI,USD,2943.6478857783,2943.6478857783,38.486370157819,2019-04-25T00:00:00.000Z,"['MGNT-RU', 'MGNT-GB', 'MGROS-TR', 'MRW-GB']",4669503300,11054777580
2263,Kikkoman,2801-JP,USD,9036.6606429526,9036.6606429526,38.8695729696,2019-04-25T00:00:00.000Z,"['2816-JP', '2818-JP', '2809-JP', '4526-JP', '2806-JP']",6611908160,3132995580
2265,Kimberly-Clark,KMB-US,USD,42634.0588733,42634.0588733,99.36,2019-04-25T00:00:00.000Z,"['PG-US', 'CLX-US', 'CL-US', 'EL-US', 'WPP-US', 'CLW-US', 'ENR-US', 'JNJ-US']",45420000000,18200000000
2268,Kingfisher,KGF-GB,USD,4338.0021829209,4338.0021829209,1.5713178294574,2019-04-25T00:00:00.000Z,"['TPK-GB', 'HBM-DE', 'TPT-GB', 'DNLM-GB', 'ALY-GB']",9664124470,16174086110
2271,Kingspan Group,KRX-IE,USD,7420.5385639526,7420.5385639526,30.864418938307,2019-04-25T00:00:00.000Z,"['ALU-GB', 'TYMN-GB', 'DLX-DE', 'ECEL-GB', 'MEVA-GR', 'INSP-GB', 'BMT-GB']",6113791530,3377245410
2274,Kirin Holdings,2503-JP,JPY,2209484.1790035,244899786.71289977,2163.0,2019-04-25T00:00:00.000Z,"['2502-JP', '2501-JP', '2531-JP', '2282-JP']",21683090000,17548960000
2278,Klabin,KLBN11-BR,USD,,0,3.7809328866289,2019-04-25T00:00:00.000Z,"['MPA-VE', 'SV.A-VE', 'MOAR3-BR', 'CMPC-CL']",6174255360,2070453420
2280,KLM (Royal Dutch Airlines),KLMR-US,USD,468.56508699,468.56508699,8.5,2019-04-25T00:00:00.000Z,"['LTM-CL', 'LTM-US', 'LUV-US', 'KLMR-US']",2139284070,28299361860
2290,Kokuyo Co.,7984-JP,JPY,165450.570747,18338583.218886063,1382.0,2019-04-25T00:00:00.000Z,"['7987-JP', '7994-JP', '7972-JP', '7997-JP']",1405519830,2567210360
2306,Kraft Heinz,KHC-US,USD,39641.88,39641.88,31.53,2019-04-25T00:00:00.000Z,"['GIS-US', 'CPB-US', 'CAG-US', 'K-US']",106230000000,18340000000
2305,Kraft Heniz Co,KHC-US,USD,39641.88,39641.88,31.53,2019-04-25T00:00:00.000Z,"['GIS-US', 'CPB-US', 'CAG-US', 'K-US']",89820000000,12/30/1899
2308,Kroger,KR-US,USD,20572.88846505,20572.88846505,23.52,2019-04-25T00:00:00.000Z,"['SFM-US', 'IMKTA-US', 'WMT-US']",20460000000,115340000000
2315,Kuala Lumpur Kepong Berhad (KLK),KLK-MY,USD,6376.8854769454,6376.8854769454,5.6387878787878,2019-04-25T00:00:00.000Z,"['RVIEW-MY', 'SBI-AU', 'SELI.N00-LK', 'RSAWIT-MY']",6115311160,3814272280
2326,Kusuri No Aoki,3549-JP,JPY,249353.36874,27638390.62568473,6510.0,2019-04-25T00:00:00.000Z,"['6469-TW', '6566-TW', '7649-JP', '9267-JP']",1417331630,1379112020
2387,Lawson,2651-JP,JPY,524304.45972,58114039.27588239,5050.0,2019-04-25T00:00:00.000Z,"['8028-JP', '9946-JP', '7544-JP', '7601-JP']",6422919360,5326193730
2409,Lenzing,LNZ-AT,EUR,2665.62,2380.230377810028,75.35,2019-04-25T00:00:00.000Z,"['LTH-AT', 'NBH-DE', 'SIOE-BE', 'NAYP-GR']",3464119890,2150143380
2422,LG International,001120-KR,KRW,699732.4069,819247376.8007208,14600.0,2019-04-25T00:00:00.000Z,"['011760-KR', '001250-KR', '011810-KR', '005190-KR']",906880000,10674560000
2436,Life Corporation,8194-JP,JPY,103534.009784,11475735.900072591,2081.0,2019-04-25T00:00:00.000Z,"['9948-JP', '9956-JP', '3038-JP', '9993-JP']",1474618860,5509107890
2441,Lindt & Spr\FCngli,LISN-CH,CHF,10503.7471,10695.082433894231,68600.0,2019-04-25T00:00:00.000Z,"['BARN-CH', 'KENT-TR', 'ARYN-CH', 'NESN-CH']",14716328050,3870106500
2444,Lion Corporation,4912-JP,JPY,657180.781306,72842084.45712581,1901.0,2019-04-25T00:00:00.000Z,"['4465-JP', '2733-JP', '4985-JP', '8283-JP']",5077555340,3338267790
2451,Lloyd's Banking Group,LLOY-GB,USD,34951.020947041,34951.020947041,0.38383720930232,2019-04-25T00:00:00.000Z,"['RBS-GB', 'BARC-GB', 'HSBA-GB']",42677088300,12/30/1899
2474,Lowe's Companies,LOW-US,USD,90416.8206512,90416.8206512,81.16,2019-04-25T00:00:00.000Z,"['HD-US', 'LL-US', 'SHOS-US', 'BLDR-US']",71190000000,65020000000
2489,LVMH - Moet Hennessy Louis Vuitton,MC-FR,EUR,174931.70955435,156202.97308825137,242.3,2019-04-25T00:00:00.000Z,"['RI-FR', 'CDI-FR', 'RCO-FR', 'CFR-CH', 'CFR-ZA', 'BRBY-GB']",129073758660,40831005600
2495,M.P. Evans Group,MPE-GB,GBP,379.12851486,289.34828255362277,6.16,2019-04-25T00:00:00.000Z,"['AEP-GB', 'PAL-GB', 'AGTA-GB']",,
2513,Magnit Group,MGNT-RU,USD,5591.9232441666,5591.9232441666,51.108436541522,2019-04-25T00:00:00.000Z,"['MGROS-TR', 'TKM1T-EE', 'APTK-RU', 'VCTR-IL']",12807264400,12473105120
2543,Marfrig,MRFG3-BR,USD,1155.4037961901,1155.4037961901,1.2574520314613,2019-04-25T00:00:00.000Z,"['BEEF3-BR', 'JBSS3-BR', 'BRFS3-BR']",967201060,4672743740
2549,Marks & Spencer,MKS-GB,USD,3577.5198862015,3577.5198862015,0.02215503875969,2019-04-25T00:00:00.000Z,"['STCAS-FI', 'FCCN-GB', 'MTC-GB']",6250715380,15295529340
2561,Marubeni,8002-JP,JPY,1378563.8480544,152800366.51400805,709.7,2019-04-25T00:00:00.000Z,"['8001-JP', '8053-JP', '8031-JP', '2768-JP', '8015-JP']",9702550000,61590100000
2577,Mayr-Melnhof Karton Aktiengesellschaft,MMK-AT,EUR,2336.0,2085.9005269184,105.6,2019-04-25T00:00:00.000Z,"['SK3-IE', 'PPAK-GR', 'HUH1V-FI', 'HART-DK']",2649671640,2465063370
2579,Mazda Motor Corporation,7261-JP,USD,7433.3840259249,7433.3840259249,9.5346349291254,2019-04-25T00:00:00.000Z,"['7211-JP', '7201-JP', '7270-JP', '7269-JP', '7267-JP', '7202-JP', '7205-JP', '600477-CN']",8065097040,27082770000
2584,McCormick,MKC-US,USD,18487.08343465,18487.08343465,99.53,2019-04-25T00:00:00.000Z,"['THS-US', 'CAG-US', 'HAIN-US', 'PEP-US', 'BGS-US', 'TSN-US', 'BRK.A-US']",13940000000,4410000000
2586,McDonald\92s,MCD-US,USD,151118.39473434,151118.39473434,153.13,2019-04-25T00:00:00.000Z,"['WEN-US', 'YUM-US', 'SBUX-US', 'JACK-US', 'CMG-US', 'GTIM-US', 'ARCO-US', 'TAST-US', 'DNKN-US', 'CBRL-US']",104890000000,24620000000
2604,Megmilk Snow Brand,2270-JP,USD,1484.5622510119,1484.5622510119,21.315859855576,2019-04-25T00:00:00.000Z,"['2264-JP', '2267-JP', '2266-JP', '2269-JP']",2002690690,4960365410
2606,Meiji Holdings,2269-JP,JPY,1261797.6531,139857971.85404423,7170.0,2019-04-25T00:00:00.000Z,"['2206-JP', '2267-JP', '2264-JP', '2266-JP']",12149280000,10293140000
2626,Metcash,MTS-AU,AUD,2609.56686676,3733.1789242037116,2.25,2019-04-25T00:00:00.000Z,"['WES-AU', 'WOW-AU', 'MYR-AU', 'TWE-AU']",2226506560,9917436160
2628,Metro AG,B4B-DE,EUR,5268.58099768,4704.5102222487085,10.02,2019-04-25T00:00:00.000Z,"['MGNT-RU', 'MGNT-GB', 'MGROS-TR', 'MRW-GB']",10631264490,63440089020
2630,Metsa Board Corporation,METSA-FI,USD,236.52851796987,236.52851796987,5.2337464131994,2019-04-25T00:00:00.000Z,"['STERV-FI', 'VALMT-FI', 'EXAC-FR', 'SEQ-FR']",2443344750,1867801320
2638,Microsoft,MSFT-US,USD,989652.934368,989652.934368,90.28,2019-04-25T00:00:00.000Z,"['ORCL-US', 'IBM-US', 'GOOGL-US', 'HPQ-US', 'CSCO-US', 'AAPL-US', 'RHT-US', 'SAP-US']",452750000000,84700000000
2644,Millennium & Copthorne Hotels,MLC-GB,GBP,1442.07589836,1100.5824361602563,4.28,2019-04-25T00:00:00.000Z,"['IHG-GB', 'PHO-GB', 'SSTY-GB']",2131580360,1333677982
2652,Minerva,BEEF3-BR,BRL,3045.00238512,12090.82650790532,4.68,2019-04-25T00:00:00.000Z,"['MRFG3-BR', 'JBSS3-BR', 'BRFS3-BR']",598625720,2387081900
2681,Mondelez,MDLZ-US,USD,72222.91414449,72222.91414449,37.42,2019-04-25T00:00:00.000Z,"['CPB-US', 'GIS-US', 'K-US', 'PEP-US', 'HAIN-US', 'CAG-US', 'HSY-US', 'JJSF-US']",60920000000,25920000000
2682,Mondi,MND-ZA,ZAR,37490.51056589,544159.7465817428,285.2,2019-04-25T00:00:00.000Z,"['SAP-ZA', 'MPT-ZA', 'NPK-ZA', 'TPC-ZA', 'METSA-FI']",2471449590,335424180
2685,Monsanto,MONSANTO-IN,INR,43692.015188,3032672.176624626,2438.95,2019-04-25T00:00:00.000Z,"['EXCELCRO-IN', 'DHANUKA-IN', 'CPC-VN', 'BHARATRA-IN']",44100000000,13490000000
2689,Morgan Sindall Group,MGNS-GB,GBP,590.12379698977,450.37843491161743,10.0,2019-04-25T00:00:00.000Z,"['KIE-GB', 'BBY-GB', 'CLLN-GB', 'GFRD-GB', 'RNWH-GB', 'ASH-GB', 'KLR-GB', 'PEL-GB', 'SMJ-GB']",712221489.1,3687057920
2712,Mulberry Company (Design),MUL-GB,USD,140.43657425271,140.43657425271,1.9698511627907,2019-04-25T00:00:00.000Z,"['BRBY-GB', 'ALY-GB', 'BLT1T-EE', 'FCCN-GB']",963488725.3,224492858.6
2748,Nankai Electric Railway Co.,9044-JP,USD,2969.7535419363,2969.7535419363,23.286083623072,2019-04-25T00:00:00.000Z,"['9001-JP', '9021-JP', '9007-JP', '9009-JP']",2674191520,1848293590
2760,National Grid,NG.-GB,USD,21973.447585184,21973.447585184,5.7713178294573,2019-04-25T00:00:00.000Z,"['00000747-LU', 'ODEN-UA', 'NVNG-RU', 'NG.-GB']",53779196380,21776685840
2769,Natura Cosmeticos,NATU3-BR,USD,5317.9812214618,5317.9812214618,6.3851879442766,2019-04-25T00:00:00.000Z,"['UCL-TT', 'INTINDI1-PE', 'EL-US', 'EMPO-US']",3148969180,1954191400
2784,Natuzzi,NTZ-US,USD,8.600957456,8.600957456,3.745,2019-04-25T00:00:00.000Z,"['HOFT-US', 'LZB-US', 'FLXS-US', 'STLY-US', 'BSET-US']",91570000,539110000
2786,NCR JAPAN,NCR-US,USD,3401.7570444,3401.7570444,20.93,2019-04-25T00:00:00.000Z,"['DBD-US', 'HPQ-US', 'PAR-US', 'ZBRA-US', 'AGYS-US', 'USAT-US']",3360000000,6370000000
2789,Neste Oil,NESTE-FI,EUR,24728.529565338,22081.01577493826,17.87998212,2019-04-25T00:00:00.000Z,"['MOH-GR', 'ERG-IT', 'ELPE-GR', 'ES-FR']",14279992650,12694533390
2791,Nestl\E9,NESN-CH,CHF,297907.38,303334.03464802133,72.92,2019-04-25T00:00:00.000Z,"['BN-FR', 'LISN-CH', 'UNA-NL']",249691332700,88784212450
2812,News Corp,NWS-US,USD,2487.3927904,2487.3927904,10.85,2019-04-25T00:00:00.000Z,"['NEWM-US', 'DIS-US', 'CBS-US', 'GCI-US', 'NYT-US', 'PSO-US', 'TRI-US', 'LEE-US']",7650000000,8750000000
2824,Nielsen,NLSN-US,USD,9008.21583144,9008.21583144,20.53,2019-04-25T00:00:00.000Z,"['IT-US', 'GOOGL-US', 'GCI-US', 'FORR-US', 'SCOR-US', 'JW.B-US', 'PSO-US', 'IBM-US']",18340000000,6170000000
2827,Nike,NKE-US,USD,110038.82690284,110038.82690284,66.25,2019-04-25T00:00:00.000Z,"['SKX-US', 'CROX-US', 'DECK-US', 'SHOO-US', 'UA-US', 'VFC-US']",88510000000,34250000000
2833,Nippon Meat Packers,2282-JP,USD,4273.3568670322,4273.3568670322,32.584470000891,2019-04-25T00:00:00.000Z,"['2281-JP', '2288-JP', '2291-JP', '8043-JP']",6221950020,10124400000
2834,Nippon Paper Group,3863-JP,JPY,253554.112581,28104002.138305023,1706.0,2019-04-25T00:00:00.000Z,"['3861-JP', '3864-JP', '3877-JP', '3880-JP']",2012730720,8521370000
2836,Nippon Suisan Kaisha,1332-JP,JPY,241761.323118,26796886.363644272,515.0,2019-04-25T00:00:00.000Z,"['1301-JP', '2874-JP', '1333-JP', '2904-JP']",1763501740,5365510150
2838,Nisshin Oillio,2602-JP,USD,951.01478225015,951.01478225015,25.657484175804,2019-04-25T00:00:00.000Z,"['4404-JP', '2926-JP', '2607-JP', '2908-JP']",987129000,2765986080
2839,Nisshin Seifun Group,2002-JP,USD,6827.6163854863,6827.6163854863,18.775073549077,2019-04-25T00:00:00.000Z,"['2004-JP', '2001-JP', '2009-JP', '2003-JP']",4830182500,4488821480
2868,North West Company,NWC-CA,USD,1018.5449299429,1018.5449299429,20.038549929572,2019-04-25T00:00:00.000Z,"['ATD.B-CA', 'WN-CA', 'EMP.A-CA', 'L-CA', 'DOL-CA', 'HBC-CA', 'MRU-CA', 'LGT.B-CA']",1135289890,1297474160
2893,Obrascon Huarte Lain (OHL),OHL-ES,EUR,299.766228944,267.672318025099,0.5332,2019-04-25T00:00:00.000Z,"['ACS-ES', 'SCYR-ES', 'FCC-ES', 'FER-ES', 'ANA-ES']",1455147540,4191693660
2899,Office Depot,ODP-US,USD,1330.91499695,1330.91499695,2.08,2019-04-25T00:00:00.000Z,"['STMP-US', 'WSM-US', 'PIR-US', 'EBAY-US', 'BIG-US']",1832000000,11021000000
2905,Oji Holdings Corporation,3861-JP,JPY,660048.998236,73159998.3490099,542.0,2019-04-25T00:00:00.000Z,"['3880-JP', '3865-JP', '3863-JP', '3864-JP']",4424700280,12064910000
2906,O'Key Group,OKEY-GB,USD,494.41271204,494.41271204,1.34987,2019-04-25T00:00:00.000Z,"['HAGA-IS', 'MGNT-GB', 'BME-GB', 'MRW-GB']",589270000,2640000000
2909,Olam International,O32-SG,SGD,6333.03437466,8632.922829331405,1.57,2019-04-25T00:00:00.000Z,"['506-HK', 'INDF-ID', '151-HK']",5373126040,18355269320
2942,Oriflame Cosmetics,ORI-SE,EUR,10837.5209283,9677.222009773184,173.2,2019-04-25T00:00:00.000Z,"['SAR-GR', 'SWL-GB', 'CRL-GB', 'MLPFX-FR']",1955003160,1325564680
2943,Origin Energy,ORG-AU,USD,18980.564220855,18980.564220855,8.5958660014255,2019-04-25T00:00:00.000Z,"['9503-JP', 'EWC-AU', 'WPL-AU', 'QTM-AU']",10893727680,9587323200
2945,Orkla,ORK-NO,USD,7969.3158292665,7969.3158292665,7.4289353326,2019-04-25T00:00:00.000Z,"['STAL-FR', 'NHY-NO', 'GOD-NO', 'AMAG-AT']",9013257540,3810739380
3000,Paltac,8283-JP,USD,3523.7931939021,3523.7931939021,42.123562449853,2019-04-25T00:00:00.000Z,"['7444-JP', '7506-JP', '2733-JP', '9852-JP']",2059049850,7779757700
3035,Pearson,PSON-GB,USD,5248.8073402364,5248.8073402364,5.9286821705426,2019-04-25T00:00:00.000Z,"['DMGT-GB', 'ERM-GB', 'BMY-GB']",7302102990,6553169350
3045,PepsiCo,PEP-US,USD,176811.76635419,176811.76635419,95.94,2019-04-25T00:00:00.000Z,"['KO-US', 'MNST-US', 'MDLZ-US', 'K-US', 'UL-US']",172280000000,62800000000
3048,Performance Food Group,PFGC-US,USD,4304.885277,4304.885277,28.05,2019-04-25T00:00:00.000Z,"['SYBRQ-US', 'SYY-US', 'UNFI-US', 'WILC-US']",2290000000,16100000000
3069,Philips,PHIA-NL,USD,29229.458247154,29229.458247154,25.875278396437,2019-04-25T00:00:00.000Z,"['SIE-DE', 'NEWAY-NL', 'ELG-DE', 'SINT-SE']",31111923150,26627028120
3084,Pioneer Foods,PFG-ZA,USD,1013.0608146476,1013.0608146476,5.0614305127992,2019-04-25T00:00:00.000Z,"['AHL-ZA', 'TBS-ZA', 'RCL-ZA', 'CLR-ZA', 'AVI-ZA', 'KAP-ZA', 'BCF-ZA']",2112066540,1265519800
3102,Podravka,PODR-R-A-HR,HRK,2636.258184,17448.879509932794,268.0,2019-04-25T00:00:00.000Z,"['PODR-R-A-HR', 'PENGD-TR', 'SIBG-RU', 'TUKAS-TR']",222126578.4,636173145.3
3120,Post Holdings,POST-US,USD,7359.71463512,7359.71463512,73.58,2019-04-25T00:00:00.000Z,"['GIS-US', 'K-US', 'THS-US', 'FLO-US', 'HAIN-US', 'BGS-US', 'PEP-US', 'CAG-US']",5600000000,5030000000
3128,Prada,1913-HK,HKD,56550.0104,443709.79229122587,20.8,2019-04-25T00:00:00.000Z,"['1819-HK', '1836-HK', '1023-HK', '1488-HK']",8995089240,3901128300
3138,Premier Foods,PFD-GB,GBP,305.4417203505,233.1110263132718,0.2945,2019-04-25T00:00:00.000Z,"['GNC-GB', 'CWK-GB', 'FIF-GB', 'TATE-GB']",557465874.4,1111446327
3285,PTT PLC,PTT-TH,USD,44128.224543539,44128.224543539,1.3810861423221,2019-04-25T00:00:00.000Z,"['TOP-TH', 'PCOR-PH', 'BCP-TH', 'PTTGC-TH']",26890866600,12/30/1899
3291,Puma,PUM-DE,USD,7092.2952205882,7092.2952205882,344.33285509326,2019-04-25T00:00:00.000Z,"['ADS-DE', 'US5-DE', 'ML2-DE', 'LAF-FR']",5407936380,3941929530
3300,PZ Cussons,PZC-GB,USD,674.66020837209,674.66020837209,1.3565891472868,2019-04-25T00:00:00.000Z,"['CRL-GB', 'SWL-GB', 'MCB-GB', 'ULVR-GB', 'PFD-GB']",1973152090,1182595023
3306,QL Resources Berhad,QL-MY,MYR,11065.02716,45892.34588135972,5.02,2019-04-25T00:00:00.000Z,"['AMANFEED-BD', 'AJOONI-IN', 'AVANTIFE-IN', 'CPF-F-TH']",,
3310,Quanta Computer,2382-TW,TWD,230500.1764,,47.0,2019-04-25T00:00:00.000Z,"['2324-TW', '2357-TW', '2362-TW', '3231-TW', '2353-TW', '2347-TW']",6298038180,27713641760
3332,Raisio Group,RAIVV-FI,EUR,371.65183932,331.86162990915267,2.325,2019-04-25T00:00:00.000Z,"['CARR-GB', 'MLOLM-FR', 'PERS-GR', 'MHPC-GB']",705887727.9,566530202.7
3349,Reckitt Benckiser,RB.-GB,USD,33423.220997959,33423.220997959,41.945736434108,2019-04-25T00:00:00.000Z,"['RB.-GB', 'PAP-GR', 'SANO1-IL', 'SAR-GR']",72804991350,14244141730
3363,RELX Group,REL-GB,GBP,34012.551957825,25958.146402933227,14.665,2019-04-25T00:00:00.000Z,"['PSON-GB', 'DMGT-GB', 'ERM-GB', 'BMY-GB', 'HYNS-GB', 'QRT-GB']",22381593780,11853315110
3372,Resolute Forest Products,RFP-US,USD,696.9102417,696.9102417,7.27,2019-04-25T00:00:00.000Z,"['UFS-US', 'MERC-US', 'VRS-US']",394900000,3550000000
3373,Restaurant Brands International,QSR-CA,USD,22293.0650859,22293.0650859,68.34,2019-04-25T00:00:00.000Z,"['PZA-CA', 'SPP-CA', 'GIGL-US', 'WEN-US']",12255489620,3871268010
3404,Robinsons Retail Holdings,RRHI-PH,PHP,123439.116888,6413565.402585868,70.0,2019-04-25T00:00:00.000Z,"['000759-CN', '2903-TW', 'O9E-SG', '1700-HK']",2566670920,2217302110
3425,Royal DSM,DSM-NL,EUR,17828.5333625,15919.754766704205,68.0,2019-04-25T00:00:00.000Z,"['LXS-DE', 'AKZA-NL', 'CPHN-CH', 'EVK-DE']",10957043790,8383387320
3426,Royal Dutch Shell,RDSA-NL,EUR,127266.1416483,113640.63010404997,24.635,2019-04-25T00:00:00.000Z,"['FP-FR', 'REP-ES', 'ERG-IT', 'ELPE-GR']",181502507340,187996374720
3431,Royal KPN,KPN-NL,USD,10101.358954223,10101.358954223,1.9368723098996,2019-04-25T00:00:00.000Z,"['E4C-DE', 'TEL-NO', 'TIT-IT', 'BT.A-GB', 'TKA-AT']",15854592600,7612376310
3437,Ruchi Soya,RUCHISOY-IN,INR,2252.6471883,156356.7261046221,4.9,2019-04-25T00:00:00.000Z,"['KRETAM-MY', 'MKPL-IN', 'MV4-SG', 'JVLAGRO-IN']",113663700,4456211360
3447,S & B Foods,2805-JP,JPY,52135.48682,5778710.580380659,3970.0,2019-04-25T00:00:00.000Z,"['2810-JP', '2812-JP', '2815-JP', '1203-TW']",635727950,1163546670
3475,Saint-Gobain,SGO-FR,EUR,19430.086813575,17349.84089148388,27.985,2019-04-25T00:00:00.000Z,"['SAMS-FR', 'CRH-GB', 'MLPLC-FR', 'TSS-DE']",23857904070,43024586220
3486,Sampoerna Agro,SGRO-ID,USD,293577.55142857,293577.55142857,153.57142857143,2019-04-25T00:00:00.000Z,"['LSIP-ID', 'GZCO-ID', 'UNSP-ID', '1215-TW']",0,208800000
3498,Sanoma,SAA1V-FI,USD,1331.1311154501,1331.1311154501,7.1825681492109,2019-04-25T00:00:00.000Z,"['ILK2S-FI', 'CLE-IT', 'POL-IT', 'TAMN-CH']",1357413750,1867801320
3501,Santander,SAN-ES,USD,65226.241032998,65226.241032998,3.4343615494978,2019-04-25T00:00:00.000Z,"['BBVA-ES', 'LLOY-GB', 'BARC-GB', 'CBK-DE', 'HSBA-GB']",97842383100,12/30/1899
3505,SAP,SAP-DE,EUR,137317.48196512,122615.84245982523,83.95,2019-04-25T00:00:00.000Z,"['DSY-FR', 'SFD1-DE', 'CPU2-DE', 'SOW-DE']",97636056210,12/30/1899
3507,Sappi Group,SAP-ZA,ZAR,38269.578,555467.5983852096,64.05,2019-04-25T00:00:00.000Z,"['MND-ZA', 'STEAV-FI', 'MDP-MA', 'RAKT-EG']",2474521240,3980244070
3509,Sapporo,2501-JP,JPY,177752.959631,19702183.122601863,2087.0,2019-04-25T00:00:00.000Z,"['2502-JP', '2503-JP', '9708-JP']",1780291370,4503248750
3511,Sarawak Oil Palms,SOP-MY,MYR,1489.98152106,6179.717982844967,1.96,2019-04-25T00:00:00.000Z,"['RVIEW-MY', 'SBI-AU', 'SELI.N00-LK', 'RSAWIT-MY']",,
3566,Sealed Air,SEE-US,USD,7117.8849999,7117.8849999,30.22,2019-04-25T00:00:00.000Z,"['BMS-US', 'ATR-US', 'SLGN-US', 'BERY-US', 'SON-US', 'GEF.B-US', 'WPK-CA']",8570000000,7030000000
3577,Sekisui House,1928-JP,JPY,1228350.436425,136150673.87577042,1530.0,2019-04-25T00:00:00.000Z,"['1925-JP', '1739-JP', '8917-JP', '1718-JP', '1928-JP']",10208770000,6/23/44865
3583,SENKO,9069-JP,USD,1219.6269266381,1219.6269266381,6.909155745743,2019-04-25T00:00:00.000Z,"['9070-JP', '9062-JP', '9306-JP', '9304-JP']",841928230,3361722650
3594,Seven & I Holdings Co.,3382-JP,USD,30148.040955487,30148.040955487,32.646875278595,2019-04-25T00:00:00.000Z,"['8267-JP', '2659-JP', '8028-JP', '9946-JP']",33916740000,51043850
3601,SGS SA,SGSN-CH,CHF,20001.822843,20366.17428974786,2151.0,2019-04-25T00:00:00.000Z,"['ITRK-GB', 'BVI-FR', 'APPS-ES', 'FRS-DE']",,
3626,Shiseido Company,4911-JP,USD,30655.956121155,30655.956121155,52.794864937149,2019-04-25T00:00:00.000Z,"['4452-JP', '4923-JP', '4918-JP', '4920-JP', '4911-JP']",9111960000,8605740000
3633,Shoprite Holdings,SHP-ZA,USD,6697.9353591688,6697.9353591688,10.3190781263,2019-04-25T00:00:00.000Z,"['PIK-ZA', 'MSM-ZA', 'TFG-ZA', 'LEW-ZA', 'ITE-ZA', 'SBRY-GB', 'JMT-PT', 'MRW-GB']",7279810500,8004719900
3650,SIGMAXYZ,6088-JP,JPY,20429.531675,2264414.4716656986,701.0,2019-04-25T00:00:00.000Z,"['3636-JP', '9757-JP', '4659-JP', '4290-JP']",70448950,12/30/1899
3656,Sime Darby,SIME-MY,MYR,16050.36,66569.0794960815,2.04,2019-04-25T00:00:00.000Z,"['AHG-AU', '970-HK', 'APE-AU', 'BOGA-ID']",4274018000,7182660520
3666,Sinar Mas Agro Resources and Technology (SMART),SMAR-ID,IDR,11833436.66792,169129385651.36212,3400.0,2019-04-25T00:00:00.000Z,"['TBLA-ID', 'LSIP-ID', 'ANJT-ID', 'BTEK-ID']",715680000,2142000000
3667,Sinar Mas Group,SMMA-ID,IDR,1382001.3696,19752253649.47795,6500.0,2019-04-25T00:00:00.000Z,"['AHAP-ID', 'ASJT-ID', '032830-KR', 'JGICL-PK']",3679200000,1972800000
3675,SIPEF,SIP-BE,USD,510.3217692,510.3217692,46.5,2019-04-25T00:00:00.000Z,"['AEP-GB', 'ALAGR-FR', 'SIPH-FR', 'CBDG-FR']",721470837.8,262067728.2
3690,SLC Agricola,SLCE3-BR,USD,975.39653057211,975.39653057211,9.6559228896348,2019-04-25T00:00:00.000Z,"['CRESY-US', 'ANASAC-CL', 'BAHI3-BR', 'BSEV3-BR']",,
3705,Smurfit Kappa Group,SK3-IE,EUR,6281.86545155,5609.309270299075,21.18,2019-04-25T00:00:00.000Z,"['PPAK-GR', 'HART-DK', 'HUH1V-FI', 'PSB-FR']",6765350130,8861196960
3722,Sodexo,SW-FR,USD,13602.811502421,13602.811502421,71.305595408895,2019-04-25T00:00:00.000Z,"['EDEN-FR', 'CTRG-FR', 'ELIOR-FR', 'GNK-GB', 'CPG-GB']",16006622940,22476599838
3728,Softbank Group Corp.,9984-JP,JPY,12630393.46702,1399956014.8777606,6803.0,2019-04-25T00:00:00.000Z,"['9437-JP', '9432-JP', '9433-JP', '3774-JP']",75089300000,77198550
3744,Solvay,SOLB-BE,USD,9962.0235325502,9962.0235325502,75.932568149211,2019-04-25T00:00:00.000Z,"['LXS-DE', 'EVK-DE', 'REC-BE', 'EMSN-CH']",13422107160,11999537550
3745,Sonae SGPS SA,SON-PT,EUR,1964.0,1753.7280115016001,0.778,2019-04-25T00:00:00.000Z,"['JMT-PT', 'STG-DE', 'ATEB-BE', 'MQ-SE']",2084987520,5397077070
3772,Sprint Corp.,S-US,USD,22877.58,22877.58,5.04,2019-04-25T00:00:00.000Z,"['TDS-US', 'SBAC-US', 'TU-US', 'FTR-US']",33890000000,32180000000
3787,Stanley Black & Decker,SWK-US,USD,21710.3885505,21710.3885505,106.41,2019-04-25T00:00:00.000Z,"['SNA-US', 'KMT-US', 'MKTAY-US', 'LECO-US', 'ITW-US', 'MMM-US', 'TTC-US', 'GE-US', 'PFIN-US']",24090000000,12750000000
3791,Starbucks Coffee Company,SBUX-US,USD,95893.996,95893.996,47.37,2019-04-25T00:00:00.000Z,"['DNKN-US', 'YUM-US', 'MCD-US', 'DRI-US', 'WEN-US', 'PEP-US', 'EAT-US', 'QSR-CA', 'CBRL-US']",82610000000,21310000000
3814,Stora Enso,STERV-FI,USD,6506.8831459379,6506.8831459379,8.8432568149211,2019-04-25T00:00:00.000Z,"['METSB-FI', 'HUH1V-FI', 'VALMT-FI', 'SAP-ZA']",10153454850,10642123800
3821,Strauss Group,STRS-IL,ILS,10588.68273814,38014.87437933171,70.0,2019-04-25T00:00:00.000Z,"['CRMT-IL', 'ANGL-IL', 'KRUR-IL', 'NTO-IL']",1906466000,
3832,Suedzucker,SZU-DE,USD,2347.2290203013,2347.2290203013,9.7291965566714,2019-04-25T00:00:00.000Z,"['CSR-MA', 'TATE-GB', 'AAK-SE', 'NLM-DE']",5353639830,6939099090
3840,Sumitomo Forestry Co.,1911-JP,JPY,282217.478756,31281056.91400257,1360.0,2019-04-25T00:00:00.000Z,"['E6R-SG', '8894-JP', '9616-JP', '4221-JP']",3028967370,9/8/27540
3855,Suntory,2587-JP,JPY,1504830.0,166795738.81600952,4240.0,2019-04-25T00:00:00.000Z,"['2590-JP', '2579-JP', '2599-JP', '2914-JP']",12318020000,11896170000
3874,Suzano Pulp & Paper,SUZB3-BR,USD,14647.378206803,14647.378206803,8.3499722959771,2019-04-25T00:00:00.000Z,"['SUZB3-BR', 'SPPJY-US', 'PPAR3-BR', 'NP-US']",9150068340,2602290320
3887,Swire Pacific,19-HK,USD,11536.837369139,11536.837369139,9.5507695446489,2019-04-25T00:00:00.000Z,"['6501-JP', 'J36-SG', '8058-JP']",109970000000,62390000000
3899,Symrise,SY1-DE,EUR,11321.664596,10109.531740749057,64.16,2019-04-25T00:00:00.000Z,"['CBE-FR', 'LXS-DE', 'DESN-CH', 'VBK-DE']",8035889400,2823420600
3910,Taisei Corporation,1801-JP,USD,9460.3268088169,9460.3268088169,39.092448961398,2019-04-25T00:00:00.000Z,"['1860-JP', '1820-JP', '1883-JP', '1720-JP']",7727701410,13077350000
3920,Tapestry,TPR-US,USD,8931.3227388,8931.3227388,30.05,2019-04-25T00:00:00.000Z,"['VRA-US', 'TPR-US']",12180000000,4490000000
3922,Target,TGT-US,USD,42205.07683062,42205.07683062,60.15,2019-04-25T00:00:00.000Z,"['DG-US', 'COST-US', 'WMT-US', 'KSS-US', 'M-US', 'DLTR-US', 'WMMVY-US', 'FRED-US', 'TUES-US', 'JCP-US']",28000000000,69500000000
3959,Terna,TRN-IT,USD,9750.7682209469,9750.7682209469,3.9329268292683,2019-04-25T00:00:00.000Z,"['ENEL-IT', 'A2A-IT', 'HER-IT', 'ACE-IT', 'IRE-IT', 'ELEC-FR']",8861196960,12/30/1899
3963,Terra Santa Agro,TESA3-BR,USD,63.315099443915,63.315099443915,2.4046891438305,2019-04-25T00:00:00.000Z,"['TESA3-BR', 'SLCE3-BR']",60045622.84,181383593.2
3967,Tesco,TSCO-GB,USD,18872.124811981,18872.124811981,1.45,2019-04-25T00:00:00.000Z,"['MRW-GB', 'SBRY-GB', 'MCLS-GB', 'JMT-PT', 'CA-FR']",33799951276,80539171440
3996,Thomas Cook Group,TCG-GB,USD,317.40927197333,317.40927197333,0.15222713178295,2019-04-25T00:00:00.000Z,"['CCL-GB', 'MIN-GB', 'EDR-ES', 'LMN-CH']",1886736670,11248407170
4007,Tiffany & Co.,TIF-US,USD,12727.12459074,12727.12459074,73.04,2019-04-25T00:00:00.000Z,"['SIG-US', 'BGI-US', 'DGSE-US', 'CTHR-US']",12010000000,4000000000
4015,Time Publishing and Media,600551-CN,CNY,5068.36946592,34291.938816402886,6.51,2019-04-25T00:00:00.000Z,"['601999-CN', '600880-CN', '000719-CN', '600373-CN']",1549558880,916340320
4037,Toppan Printing Co.,7911-JP,USD,5132.9515430953,5132.9515430953,13.657840777391,2019-04-25T00:00:00.000Z,"['7913-JP', '7916-JP', '7912-JP', '7868-JP']",5830135740,12402390000
4043,Toyo Suisan Kaisha,2875-JP,USD,3851.3442925916,3851.3442925916,32.272443612374,2019-04-25T00:00:00.000Z,"['2871-JP', '2812-JP', '2918-JP', '2907-JP', '2669-JP']",3929110900,10/10/10739
4059,Transcontinental,TCL.A-CA,CAD,1173.772064,1582.1135196024647,15.68,2019-04-25T00:00:00.000Z,"['GVC-CA', 'TS.B-CA', 'QBR.B-CA', 'RCI.B-CA', 'PNC.A-CA']",980157110,1410298000
4063,Travis Perkins Group,TPK-GB,GBP,3609.440257745,2754.7000518915843,9.6475472,2019-04-25T00:00:00.000Z,"['KGF-GB', 'TPT-GB', 'LTHM-GB', 'CRH-GB', 'HBM-DE']",5372158610,8958398540
4088,TSH Resources Berhad,TSH-MY,USD,345.03189921697,345.03189921697,0.23272727272727,2019-04-25T00:00:00.000Z,"['RVIEW-MY', 'SBI-AU', 'SELI.N00-LK', 'RSAWIT-MY']",,
4089,Tsuruha Holdings,3391-JP,USD,4043.3369296603,4043.3369296603,78.184897922795,2019-04-25T00:00:00.000Z,"['3034-JP', '3088-JP', '3148-JP']",5013265400,4868908330
4102,Tyson Foods,TSN-US,USD,21791.52,21791.52,49.77,2019-04-25T00:00:00.000Z,"['PPC-US', 'SAFM-US', 'SEB-US', 'HRL-US', 'BRFS-US']",27350000000,41440000000
4118,Unicharm Corporation,8113-JP,JPY,2177296.515132,241332097.8867811,2933.0,2019-04-25T00:00:00.000Z,"['7956-JP', '3529-JP', '7819-JP']",14933490000,5998453890
4130,Uni-President Enterprises,1216-TW,TWD,405695.871,,66.7,2019-04-25T00:00:00.000Z,"['1227-TW', '1201-TW', '1203-TW', '1225-TW']",9400833960,12450375700
4137,United Plantations,UTDPLT-MY,USD,1344.9824082909,1344.9824082909,6.060606060606,2019-04-25T00:00:00.000Z,"['RVIEW-MY', 'SBI-AU', 'SELI.N00-LK', 'RSAWIT-MY']",,
4146,UPM-Kymmene Corporation,UPM-FI,USD,12510.542542468,12510.542542468,19.368723098996,2019-04-25T00:00:00.000Z,"['RAKT-EG', 'SAP-ZA', 'NVG-PT', 'NPKZ-ZW']",14638349880,10642123800
4180,Veolia,VIE-FR,USD,10514.130723099,10514.130723099,14.723816355811,2019-04-25T00:00:00.000Z,"['SEV-FR', 'EYAPS-GR', 'WWG-DE', 'HER-IT']",13031172000,25932032280
4197,Verso Corporation,VRS-US,USD,769.34011483,769.34011483,17.38,2019-04-25T00:00:00.000Z,"['GLT-US', 'UFS-US', 'RFP-US', 'NP-US', 'WPP-US', 'CLW-US', 'SPPJY-US', 'AVY-US']",191210000,2640000000
4200,VF Corporation,VFC-US,USD,37190.86779044,37190.86779044,67.175,2019-04-25T00:00:00.000Z,"['RL-US', 'HBI-US', 'PVH-US', 'GIL-US', 'NKE-US', 'CHKE-US', 'VNCE-US', 'GIL-CA', 'ICON-US']",29160000000,12450000000
4201,VF Outdoors,VFC-US,USD,37190.86779044,37190.86779044,67.175,2019-04-25T00:00:00.000Z,"['RL-US', 'HBI-US', 'PVH-US', 'GIL-US', 'NKE-US', 'CHKE-US', 'VNCE-US', 'GIL-CA', 'ICON-US']",24020000000,12450000000
4211,VINX CORP.,3784-JP,JPY,19577.79993,2170008.3090557535,931.0,2019-04-25T00:00:00.000Z,"['2384-JP', '2436-JP', '2170-JP', '9644-JP']",51718810,236826590
4247,Walgreens Boots Alliance,WBA-US,USD,48165.27016104,48165.27016104,52.64,2019-04-25T00:00:00.000Z,"['CVS-US', 'PETS-US', 'CJJD-US', 'RAD-US']",88250000000,103440000000
4250,Walmart,WMT-US,USD,296804.74035184,296804.74035184,81.78,2019-04-25T00:00:00.000Z,"['DG-US', 'TGT-US', 'COST-US', 'JCP-US', 'M-US', 'KSS-US', 'AMZN-US', 'EBAY-US', 'DLTR-US', 'PSMT-US']",222890000000,485140000000
4251,Walt Disney Company,DIS-US,USD,246705.56066152,246705.56066152,97.68,2019-04-25T00:00:00.000Z,"['FOXA-US', 'VIAB-US', 'CMCSA-US', 'CBS-US', 'AMCX-US', 'SNE-US', 'DISCA-US', 'PSO-US']",156510000000,55370000000
4268,Weis Markets,WMK-US,USD,1117.09233779,1117.09233779,39.73,2019-04-25T00:00:00.000Z,"['KR-US', 'IMKTA-US', 'VLGEA-US', 'SPTN-US']",1320000000,3140000000
4273,Wendy's,WEN-US,USD,4330.07923125,4330.07923125,14.96,2019-04-25T00:00:00.000Z,"['JACK-US', 'TAST-US', 'YUM-US', 'DPZ-US', 'MCD-US', 'ARCO-US', 'DNKN-US', 'GTIM-US']",3350000000,1440000000
4278,Wesfarmers,WES-AU,AUD,40806.9016,58377.29891333161,29.5368528,2019-04-25T00:00:00.000Z,"['WOW-AU', 'MYR-AU', 'BHP-AU', 'IPL-AU']",32428330560,46250932800
4286,Westpac,WBC-AU,AUD,94709.9964895,135489.67352003342,23.3,2019-04-25T00:00:00.000Z,"['ANZ-AU', 'NAB-AU', 'CBA-AU', 'BOQ-AU']",27132475840,12/30/1899
4287,WestRock,WRK-US,USD,9349.19670699,9349.19670699,35.2,2019-04-25T00:00:00.000Z,"['BERY-US', 'ATR-US', 'SEE-US', 'SLGN-US']",13870000000,14170000000
4289,Weyerhaeuser,WY-US,USD,19557.5802383,19557.5802383,20.52,2019-04-25T00:00:00.000Z,"['CFP-CA', 'UFPI-US', 'RYN-US']",27980000000,6360000000
4290,WH Group,288-HK,HKD,134521.37025676,1055498.4664575425,5.11,2019-04-25T00:00:00.000Z,"['834-HK', '1068-HK', '829-HK', '000895-CN']",11883338100,1677163824
4314,Wilmar International,F34-SG,USD,22840.92939416,22840.92939416,2.97,2019-04-25T00:00:00.000Z,"['E5H-SG', 'SMAR-ID', 'LSIP-ID']",16287069960,39938606560
4318,Wing on Department Stores,289-HK,USD,1018.164365046,1018.164365046,3.1878403019523,2019-04-25T00:00:00.000Z,"['244-HK', 'SM-PH', '006370-KR', '1212-HK']",996169500,221085360
4323,Wipro,WIT-US,USD,26774.749666,26774.749666,3.375,2019-04-25T00:00:00.000Z,"['CTSH-US', 'IBM-US', 'ACN-US', 'INFY-US', 'HPQ-US']",20058300000,6976573900
4328,WM Morrison Supermarkets,MRW-GB,USD,4000.1383093,4000.1383093,1.6217054263566,2019-04-25T00:00:00.000Z,"['SBRY-GB', 'OCDO-GB', 'MGNT-GB', 'JMT-PT', 'CA-FR']",7979023780,23504994240
4330,Wolverine World Wide,WWW-US,USD,3254.63171328,3254.63171328,28.64,2019-04-25T00:00:00.000Z,"['CROX-US', 'SKX-US', 'DECK-US', 'SHOO-US', 'RCKY-US']",2290000000,2690000000
4336,Woolworths Group,WOW-AU,USD,59983.318178759,59983.318178759,38.118317890235,2019-04-25T00:00:00.000Z,"['WES-AU', 'MYR-AU', 'MTS-AU', 'TWE-AU']",23339688640,40934007040
4337,Woolworths Holdings,WHL-ZA,USD,3426.7544780847,3426.7544780847,2.9848573092603,2019-04-25T00:00:00.000Z,"['MSM-ZA', 'TFG-ZA', 'BVT-ZA', 'SHP-ZA', 'LEW-ZA']",4007274590,3993145000
4348,X5 Retail Group,FIVE-GB,USD,7871.2405369511,7871.2405369511,19.12,2019-04-25T00:00:00.000Z,"['MRW-GB', 'TSCO-GB', 'OCDO-GB', 'MGNT-GB', 'SBRY-GB']",4530000000,
4362,Yamazaki Baking,2212-JP,JPY,372391.675473,41275987.74575911,1669.0,2019-04-25T00:00:00.000Z,"['2215-JP', '2211-JP', '8182-JP', '8167-JP']",4430690550,8774480000
4378,Yum! Brands,YUM-US,USD,31698.54640375,31698.54640375,77.09,2019-04-25T00:00:00.000Z,"['MCD-US', 'DPZ-US', 'WEN-US', 'DRI-US', 'CMG-US', 'SBUX-US', 'JACK-US', 'FRSH-US', 'ARCO-US', 'EAT-US']",34900000000,13110000000
4407,Zoetis,ZTS-US,USD,48753.34410445,48753.34410445,77.0,2019-04-25T00:00:00.000Z,"['LLY-US', 'PFE-US', 'MRK-US', 'PETX-US', 'ICCC-US', 'PAHC-US', 'KIN-US', 'SNY-US', 'HSKA-US']",24690000000,4760000000
4428,Amazon,AMZN-US,USD,936008.572541,936008.572541,1307.0,2019-04-25T00:00:00.000Z,"['EBAY-US', 'BKS-US', 'GOOGL-US', 'OSTK-US', 'COST-US', 'WMT-US', 'MELI-US', 'MSFT-US', 'NWSA-US', 'CBS-US']",,
4441,Arca Continental,AC*-MX,USD,9915.1754789204,9915.1754789204,5.2077324075142,2019-04-25T00:00:00.000Z,"['LBCC-US', 'MLHC-US', 'MNST-US', 'MOJO-US']",,
4449,Hugo Boss,BOSS-DE,USD,3818.4159826937,3818.4159826937,47.11262553802,2019-04-25T00:00:00.000Z,"['GWI1-DE', 'ADD-DE', 'STEF-IT', 'MONC-IT']",,
